{
    "lr_r2": 0.7022387248040858,
    "lr_mse": 54.85894613652638,
    "lr_mae": 54.85894613652638,
    "dt_r2": 0.7329237471027151,
    "dt_mae": 52.70767492492493,
    "dt_mse": 5652.722011070221,
    "k_optimo": 3,
    "silhouette_score": 0.2311329300144277,
    "n_clientes": 300,
    "n_clusters": 3,
    "varianza_pca": 0.4487943825713613,
    "inercia": 2729.586649528749,
    "lista_inercias": [
        3340.6665426899967,
        2729.5866495287487,
        2614.325396943942,
        2514.711851130183,
        2416.770572497632,
        2361.1854994426503,
        2306.1160504995455,
        2235.5279907035992,
        2178.7181103492867
    ],
    "lista_k": [
        2,
        3,
        4,
        5,
        6,
        7,
        8,
        9,
        10
    ]
}