{
    "lr_r2_score": 0.7022387248040858,
    "lr_mse": 6302.176610930703,
    "lr_mae": 54.85894613652638,
    "k_optimo": 3,
    "silhouette_score": 0.2311329300144277,
    "n_clientes": 300,
    "n_clusters": 3,
    "varianza_pca": 0.4487943825713613,
    "inercia": 2729.586649528749,
    "lista_inercias": [
        3340.666542689997,
        2729.586649528749,
        2614.325396943942,
        2514.7118511301824,
        2416.7705724976317,
        2361.1854994426503,
        2306.1160504995455,
        2235.5279907035997,
        2178.7181103492867
    ],
    "lista_k": [
        2,
        3,
        4,
        5,
        6,
        7,
        8,
        9,
        10
    ]
}